courseURL,desc,mentor,title,total,vote
https://unitop.vn/course/html-css-21-ngay-thanh-thao-xay-dung-giao-dien-web-thuc-te-tu-ban-thiet-ke-photoshop/intro,Đây là chương trình giúp bạn từng bước xây dựng giao diện website với Html Css chuyên nghiệp từ file thiết kế Photoshop chỉ trong 21 ngày,Phan Văn Cương,Html Css 21 Ngày - Thành thạo xây dựng giao diện web thực tế từ bản thiết kế Photoshop,1779 học viên,(163 đánh giá)
https://unitop.vn/course/php-master-hoc-lap-trinh-web-php-cho-nguoi-moi-bat-dau-mvc-project/intro,Php Master là chương trình được biên soạn kỹ lưỡng từng bước một giúp bất kỳ ai có thể làm chủ được việc xây dựng hệ thống website sau thời gian ngắn ngay cả khi chưa có kiến thức nền tảng,Phan Văn Cương,Php Master - Khoá học lập trình web php từ cơ bản đến nâng cao - MVC Project,1126 học viên,(61 đánh giá)
https://unitop.vn/course/lam-chu-jquery-sieu-toc/intro,Làm chủ jquery siêu tốc là một trong những khóa học cao cấp nhất về Frontend của chuyên gia Phan Văn Cương. Trong khóa học này bạn được tiếp cận một cách bài bản các kiến thức từ cơ bản đến nâng cao trong jquery áp dụng trong thực tế.,Phan Văn Cương,Làm chủ jquery siêu tốc,1046 học viên,(87 đánh giá)
https://unitop.vn/course/bootstrap-az-xay-dung-giao-dien-website-chuan-nhanh-chong-chuyen-nghiep-voi-bootstrap/intro,"Giúp bạn làm chủ Bootstrap 4 - Một framework frontend hàng đầu để xây dựng giao diện website với Html, Css, Jquery, Repsonsive... nhanh chóng chuyên nghiệp qua dự án thực tế.",Phan Văn Cương,"Bootstrap AZ - Xây dựng giao diện website chuẩn, nhanh chóng, chuyên nghiệp với Bootstrap",881 học viên,(35 đánh giá)
https://unitop.vn/course/bi-quyet-responsive-lam-website-tren-da-thiet-bi/intro,Bí quyết responsive làm website trên đa thiết bị,Phan Văn Cương,"Responsive Mastery: Xây dựng website chạy trên đa thiết bị(Laptop, Ipad, Iphone...)",1050 học viên,(82 đánh giá)
https://unitop.vn/course/js-beginner/intro,,Phan Văn Cương,Js Beginner - Học javascript nền tảng cho người mới bắt đầu,1463 học viên,(87 đánh giá)
https://unitop.vn/course/trien-khai-du-an-web-len-mang-internet-chi-voi-30-phut/intro,"Chương trình giúp bạn nắm được cách thức đưa một dự án lên mạng internet. Đây là một công đoạn vô cùng quan trọng để đưa sản phẩm đến tay người dùng, kỹ năng này bắt buộc bạn cần có khi đi bạn làm công việc liên quan đến website.",Phan Văn Cương,Triển khai dự án web lên mạng internet chỉ với 30 phút,784 học viên,(24 đánh giá)
https://unitop.vn/course/laravel-pro/intro,"Đây là chương trình nâng cao đi sâu vào Laravel là một framework php hàng đầu thế giới. Nếu bạn mong muốn phát triển dữ án chuyên nghiệp, bảo mật, nhu cầu tuyển dụng cao thì cần có mặt trong chương trình này.",Phan Văn Cương,Laravel Pro - khóa học lập trình web php chuyên nghiệp với Laravel Framework,877 học viên,(33 đánh giá)
courseURL,desc,mentor,title,total,vote
https://unitop.vn/course/trien-khai-du-an-web-len-mang-internet-chi-voi-30-phut/intro,"Chương trình giúp bạn nắm được cách thức đưa một dự án lên mạng internet. Đây là một công đoạn vô cùng quan trọng để đưa sản phẩm đến tay người dùng, kỹ năng này bắt buộc bạn cần có khi đi bạn làm công việc liên quan đến website.",Phan Văn Cương,Triển khai dự án web lên mạng internet chỉ với 30 phút,784 học viên,(24 đánh giá)
https://unitop.vn/course/lam-chu-jquery-sieu-toc/intro,Làm chủ jquery siêu tốc là một trong những khóa học cao cấp nhất về Frontend của chuyên gia Phan Văn Cương. Trong khóa học này bạn được tiếp cận một cách bài bản các kiến thức từ cơ bản đến nâng cao trong jquery áp dụng trong thực tế.,Phan Văn Cương,Làm chủ jquery siêu tốc,1046 học viên,(87 đánh giá)
https://unitop.vn/course/php-master-hoc-lap-trinh-web-php-cho-nguoi-moi-bat-dau-mvc-project/intro,Php Master là chương trình được biên soạn kỹ lưỡng từng bước một giúp bất kỳ ai có thể làm chủ được việc xây dựng hệ thống website sau thời gian ngắn ngay cả khi chưa có kiến thức nền tảng,Phan Văn Cương,Php Master - Khoá học lập trình web php từ cơ bản đến nâng cao - MVC Project,1126 học viên,(61 đánh giá)
https://unitop.vn/course/bootstrap-az-xay-dung-giao-dien-website-chuan-nhanh-chong-chuyen-nghiep-voi-bootstrap/intro,"Giúp bạn làm chủ Bootstrap 4 - Một framework frontend hàng đầu để xây dựng giao diện website với Html, Css, Jquery, Repsonsive... nhanh chóng chuyên nghiệp qua dự án thực tế.",Phan Văn Cương,"Bootstrap AZ - Xây dựng giao diện website chuẩn, nhanh chóng, chuyên nghiệp với Bootstrap",881 học viên,(35 đánh giá)
https://unitop.vn/course/js-beginner/intro,,Phan Văn Cương,Js Beginner - Học javascript nền tảng cho người mới bắt đầu,1463 học viên,(87 đánh giá)
https://unitop.vn/course/laravel-pro/intro,"Đây là chương trình nâng cao đi sâu vào Laravel là một framework php hàng đầu thế giới. Nếu bạn mong muốn phát triển dữ án chuyên nghiệp, bảo mật, nhu cầu tuyển dụng cao thì cần có mặt trong chương trình này.",Phan Văn Cương,Laravel Pro - khóa học lập trình web php chuyên nghiệp với Laravel Framework,877 học viên,(33 đánh giá)
https://unitop.vn/course/bi-quyet-responsive-lam-website-tren-da-thiet-bi/intro,Bí quyết responsive làm website trên đa thiết bị,Phan Văn Cương,"Responsive Mastery: Xây dựng website chạy trên đa thiết bị(Laptop, Ipad, Iphone...)",1050 học viên,(82 đánh giá)
https://unitop.vn/course/html-css-21-ngay-thanh-thao-xay-dung-giao-dien-web-thuc-te-tu-ban-thiet-ke-photoshop/intro,Đây là chương trình giúp bạn từng bước xây dựng giao diện website với Html Css chuyên nghiệp từ file thiết kế Photoshop chỉ trong 21 ngày,Phan Văn Cương,Html Css 21 Ngày - Thành thạo xây dựng giao diện web thực tế từ bản thiết kế Photoshop,1779 học viên,(163 đánh giá)
courseURL,description,mentor,title,total,vote
https://unitop.vn/course/html-css-21-ngay-thanh-thao-xay-dung-giao-dien-web-thuc-te-tu-ban-thiet-ke-photoshop/intro,Đây là chương trình giúp bạn từng bước xây dựng giao diện website với Html Css chuyên nghiệp từ file thiết kế Photoshop chỉ trong 21 ngày,Phan Văn Cương,Html Css 21 Ngày - Thành thạo xây dựng giao diện web thực tế từ bản thiết kế Photoshop,1779 học viên,(163 đánh giá)
https://unitop.vn/course/laravel-pro/intro,"Đây là chương trình nâng cao đi sâu vào Laravel là một framework php hàng đầu thế giới. Nếu bạn mong muốn phát triển dữ án chuyên nghiệp, bảo mật, nhu cầu tuyển dụng cao thì cần có mặt trong chương trình này.",Phan Văn Cương,Laravel Pro - khóa học lập trình web php chuyên nghiệp với Laravel Framework,877 học viên,(33 đánh giá)
https://unitop.vn/course/js-beginner/intro,,Phan Văn Cương,Js Beginner - Học javascript nền tảng cho người mới bắt đầu,1463 học viên,(87 đánh giá)
https://unitop.vn/course/php-master-hoc-lap-trinh-web-php-cho-nguoi-moi-bat-dau-mvc-project/intro,Php Master là chương trình được biên soạn kỹ lưỡng từng bước một giúp bất kỳ ai có thể làm chủ được việc xây dựng hệ thống website sau thời gian ngắn ngay cả khi chưa có kiến thức nền tảng,Phan Văn Cương,Php Master - Khoá học lập trình web php từ cơ bản đến nâng cao - MVC Project,1126 học viên,(61 đánh giá)
https://unitop.vn/course/bi-quyet-responsive-lam-website-tren-da-thiet-bi/intro,Bí quyết responsive làm website trên đa thiết bị,Phan Văn Cương,"Responsive Mastery: Xây dựng website chạy trên đa thiết bị(Laptop, Ipad, Iphone...)",1050 học viên,(82 đánh giá)
https://unitop.vn/course/trien-khai-du-an-web-len-mang-internet-chi-voi-30-phut/intro,"Chương trình giúp bạn nắm được cách thức đưa một dự án lên mạng internet. Đây là một công đoạn vô cùng quan trọng để đưa sản phẩm đến tay người dùng, kỹ năng này bắt buộc bạn cần có khi đi bạn làm công việc liên quan đến website.",Phan Văn Cương,Triển khai dự án web lên mạng internet chỉ với 30 phút,784 học viên,(24 đánh giá)
https://unitop.vn/course/bootstrap-az-xay-dung-giao-dien-website-chuan-nhanh-chong-chuyen-nghiep-voi-bootstrap/intro,"Giúp bạn làm chủ Bootstrap 4 - Một framework frontend hàng đầu để xây dựng giao diện website với Html, Css, Jquery, Repsonsive... nhanh chóng chuyên nghiệp qua dự án thực tế.",Phan Văn Cương,"Bootstrap AZ - Xây dựng giao diện website chuẩn, nhanh chóng, chuyên nghiệp với Bootstrap",881 học viên,(35 đánh giá)
https://unitop.vn/course/lam-chu-jquery-sieu-toc/intro,Làm chủ jquery siêu tốc là một trong những khóa học cao cấp nhất về Frontend của chuyên gia Phan Văn Cương. Trong khóa học này bạn được tiếp cận một cách bài bản các kiến thức từ cơ bản đến nâng cao trong jquery áp dụng trong thực tế.,Phan Văn Cương,Làm chủ jquery siêu tốc,1046 học viên,(87 đánh giá)
courseURL,description,mentor,title,total,vote
https://unitop.vn/course/html-css-21-ngay-thanh-thao-xay-dung-giao-dien-web-thuc-te-tu-ban-thiet-ke-photoshop/intro,Đây là chương trình giúp bạn từng bước xây dựng giao diện website với Html Css chuyên nghiệp từ file thiết kế Photoshop chỉ trong 21 ngày,Phan Văn Cương,Html Css 21 Ngày - Thành thạo xây dựng giao diện web thực tế từ bản thiết kế Photoshop,1779 học viên,(163 đánh giá)
https://unitop.vn/course/lam-chu-jquery-sieu-toc/intro,Làm chủ jquery siêu tốc là một trong những khóa học cao cấp nhất về Frontend của chuyên gia Phan Văn Cương. Trong khóa học này bạn được tiếp cận một cách bài bản các kiến thức từ cơ bản đến nâng cao trong jquery áp dụng trong thực tế.,Phan Văn Cương,Làm chủ jquery siêu tốc,1046 học viên,(87 đánh giá)
https://unitop.vn/course/php-master-hoc-lap-trinh-web-php-cho-nguoi-moi-bat-dau-mvc-project/intro,Php Master là chương trình được biên soạn kỹ lưỡng từng bước một giúp bất kỳ ai có thể làm chủ được việc xây dựng hệ thống website sau thời gian ngắn ngay cả khi chưa có kiến thức nền tảng,Phan Văn Cương,Php Master - Khoá học lập trình web php từ cơ bản đến nâng cao - MVC Project,1126 học viên,(61 đánh giá)
https://unitop.vn/course/js-beginner/intro,,Phan Văn Cương,Js Beginner - Học javascript nền tảng cho người mới bắt đầu,1463 học viên,(87 đánh giá)
https://unitop.vn/course/bootstrap-az-xay-dung-giao-dien-website-chuan-nhanh-chong-chuyen-nghiep-voi-bootstrap/intro,"Giúp bạn làm chủ Bootstrap 4 - Một framework frontend hàng đầu để xây dựng giao diện website với Html, Css, Jquery, Repsonsive... nhanh chóng chuyên nghiệp qua dự án thực tế.",Phan Văn Cương,"Bootstrap AZ - Xây dựng giao diện website chuẩn, nhanh chóng, chuyên nghiệp với Bootstrap",881 học viên,(35 đánh giá)
https://unitop.vn/course/bi-quyet-responsive-lam-website-tren-da-thiet-bi/intro,Bí quyết responsive làm website trên đa thiết bị,Phan Văn Cương,"Responsive Mastery: Xây dựng website chạy trên đa thiết bị(Laptop, Ipad, Iphone...)",1050 học viên,(82 đánh giá)
https://unitop.vn/course/trien-khai-du-an-web-len-mang-internet-chi-voi-30-phut/intro,"Chương trình giúp bạn nắm được cách thức đưa một dự án lên mạng internet. Đây là một công đoạn vô cùng quan trọng để đưa sản phẩm đến tay người dùng, kỹ năng này bắt buộc bạn cần có khi đi bạn làm công việc liên quan đến website.",Phan Văn Cương,Triển khai dự án web lên mạng internet chỉ với 30 phút,784 học viên,(24 đánh giá)
https://unitop.vn/course/laravel-pro/intro,"Đây là chương trình nâng cao đi sâu vào Laravel là một framework php hàng đầu thế giới. Nếu bạn mong muốn phát triển dữ án chuyên nghiệp, bảo mật, nhu cầu tuyển dụng cao thì cần có mặt trong chương trình này.",Phan Văn Cương,Laravel Pro - khóa học lập trình web php chuyên nghiệp với Laravel Framework,877 học viên,(33 đánh giá)
courseURL,description,mentor,title,total,vote
https://unitop.vn/course/bootstrap-az-xay-dung-giao-dien-website-chuan-nhanh-chong-chuyen-nghiep-voi-bootstrap/intro,"Giúp bạn làm chủ Bootstrap 4 - Một framework frontend hàng đầu để xây dựng giao diện website với Html, Css, Jquery, Repsonsive... nhanh chóng chuyên nghiệp qua dự án thực tế.",Phan Văn Cương,"Bootstrap AZ - Xây dựng giao diện website chuẩn, nhanh chóng, chuyên nghiệp với Bootstrap",881 học viên,(35 đánh giá)
https://unitop.vn/course/html-css-21-ngay-thanh-thao-xay-dung-giao-dien-web-thuc-te-tu-ban-thiet-ke-photoshop/intro,Đây là chương trình giúp bạn từng bước xây dựng giao diện website với Html Css chuyên nghiệp từ file thiết kế Photoshop chỉ trong 21 ngày,Phan Văn Cương,Html Css 21 Ngày - Thành thạo xây dựng giao diện web thực tế từ bản thiết kế Photoshop,1779 học viên,(163 đánh giá)
https://unitop.vn/course/js-beginner/intro,,Phan Văn Cương,Js Beginner - Học javascript nền tảng cho người mới bắt đầu,1463 học viên,(87 đánh giá)
https://unitop.vn/course/lam-chu-jquery-sieu-toc/intro,Làm chủ jquery siêu tốc là một trong những khóa học cao cấp nhất về Frontend của chuyên gia Phan Văn Cương. Trong khóa học này bạn được tiếp cận một cách bài bản các kiến thức từ cơ bản đến nâng cao trong jquery áp dụng trong thực tế.,Phan Văn Cương,Làm chủ jquery siêu tốc,1046 học viên,(87 đánh giá)
https://unitop.vn/course/trien-khai-du-an-web-len-mang-internet-chi-voi-30-phut/intro,"Chương trình giúp bạn nắm được cách thức đưa một dự án lên mạng internet. Đây là một công đoạn vô cùng quan trọng để đưa sản phẩm đến tay người dùng, kỹ năng này bắt buộc bạn cần có khi đi bạn làm công việc liên quan đến website.",Phan Văn Cương,Triển khai dự án web lên mạng internet chỉ với 30 phút,784 học viên,(24 đánh giá)
https://unitop.vn/course/laravel-pro/intro,"Đây là chương trình nâng cao đi sâu vào Laravel là một framework php hàng đầu thế giới. Nếu bạn mong muốn phát triển dữ án chuyên nghiệp, bảo mật, nhu cầu tuyển dụng cao thì cần có mặt trong chương trình này.",Phan Văn Cương,Laravel Pro - khóa học lập trình web php chuyên nghiệp với Laravel Framework,877 học viên,(33 đánh giá)
https://unitop.vn/course/bi-quyet-responsive-lam-website-tren-da-thiet-bi/intro,Bí quyết responsive làm website trên đa thiết bị,Phan Văn Cương,"Responsive Mastery: Xây dựng website chạy trên đa thiết bị(Laptop, Ipad, Iphone...)",1050 học viên,(82 đánh giá)
https://unitop.vn/course/php-master-hoc-lap-trinh-web-php-cho-nguoi-moi-bat-dau-mvc-project/intro,Php Master là chương trình được biên soạn kỹ lưỡng từng bước một giúp bất kỳ ai có thể làm chủ được việc xây dựng hệ thống website sau thời gian ngắn ngay cả khi chưa có kiến thức nền tảng,Phan Văn Cương,Php Master - Khoá học lập trình web php từ cơ bản đến nâng cao - MVC Project,1126 học viên,(61 đánh giá)
courseURL,description,mentor,title,total,vote
https://unitop.vn/course/bi-quyet-responsive-lam-website-tren-da-thiet-bi/intro,Bí quyết responsive làm website trên đa thiết bị,Phan Văn Cương,"Responsive Mastery: Xây dựng website chạy trên đa thiết bị(Laptop, Ipad, Iphone...)",1050 học viên,(82 đánh giá)
https://unitop.vn/course/trien-khai-du-an-web-len-mang-internet-chi-voi-30-phut/intro,"Chương trình giúp bạn nắm được cách thức đưa một dự án lên mạng internet. Đây là một công đoạn vô cùng quan trọng để đưa sản phẩm đến tay người dùng, kỹ năng này bắt buộc bạn cần có khi đi bạn làm công việc liên quan đến website.",Phan Văn Cương,Triển khai dự án web lên mạng internet chỉ với 30 phút,784 học viên,(24 đánh giá)
https://unitop.vn/course/bootstrap-az-xay-dung-giao-dien-website-chuan-nhanh-chong-chuyen-nghiep-voi-bootstrap/intro,"Giúp bạn làm chủ Bootstrap 4 - Một framework frontend hàng đầu để xây dựng giao diện website với Html, Css, Jquery, Repsonsive... nhanh chóng chuyên nghiệp qua dự án thực tế.",Phan Văn Cương,"Bootstrap AZ - Xây dựng giao diện website chuẩn, nhanh chóng, chuyên nghiệp với Bootstrap",881 học viên,(35 đánh giá)
https://unitop.vn/course/laravel-pro/intro,"Đây là chương trình nâng cao đi sâu vào Laravel là một framework php hàng đầu thế giới. Nếu bạn mong muốn phát triển dữ án chuyên nghiệp, bảo mật, nhu cầu tuyển dụng cao thì cần có mặt trong chương trình này.",Phan Văn Cương,Laravel Pro - khóa học lập trình web php chuyên nghiệp với Laravel Framework,877 học viên,(33 đánh giá)
https://unitop.vn/course/js-beginner/intro,,Phan Văn Cương,Js Beginner - Học javascript nền tảng cho người mới bắt đầu,1463 học viên,(87 đánh giá)
https://unitop.vn/course/lam-chu-jquery-sieu-toc/intro,Làm chủ jquery siêu tốc là một trong những khóa học cao cấp nhất về Frontend của chuyên gia Phan Văn Cương. Trong khóa học này bạn được tiếp cận một cách bài bản các kiến thức từ cơ bản đến nâng cao trong jquery áp dụng trong thực tế.,Phan Văn Cương,Làm chủ jquery siêu tốc,1046 học viên,(87 đánh giá)
https://unitop.vn/course/php-master-hoc-lap-trinh-web-php-cho-nguoi-moi-bat-dau-mvc-project/intro,Php Master là chương trình được biên soạn kỹ lưỡng từng bước một giúp bất kỳ ai có thể làm chủ được việc xây dựng hệ thống website sau thời gian ngắn ngay cả khi chưa có kiến thức nền tảng,Phan Văn Cương,Php Master - Khoá học lập trình web php từ cơ bản đến nâng cao - MVC Project,1126 học viên,(61 đánh giá)
https://unitop.vn/course/html-css-21-ngay-thanh-thao-xay-dung-giao-dien-web-thuc-te-tu-ban-thiet-ke-photoshop/intro,Đây là chương trình giúp bạn từng bước xây dựng giao diện website với Html Css chuyên nghiệp từ file thiết kế Photoshop chỉ trong 21 ngày,Phan Văn Cương,Html Css 21 Ngày - Thành thạo xây dựng giao diện web thực tế từ bản thiết kế Photoshop,1779 học viên,(163 đánh giá)
